raw_feature_name,feature,feature_group,coefficient_log_scale,absolute_coefficient,approx_percent_effect
categorical_most_frequent__RoofMatl_ClyTile,RoofMatl_ClyTile,categorical_most_frequent,-0.10488528111599427,0.10488528111599427,-9.957218726470826
categorical_most_frequent__Neighborhood_StoneBr,Neighborhood_StoneBr,categorical_most_frequent,0.09285853728022157,0.09285853728022157,9.730649632667852
categorical_most_frequent__Neighborhood_Crawfor,Neighborhood_Crawfor,categorical_most_frequent,0.08571108454822521,0.08571108454822521,8.949151189729157
categorical_most_frequent__Condition2_PosN,Condition2_PosN,categorical_most_frequent,-0.08215146392473155,0.08215146392473155,-7.88675702031965
numeric_median__OverallQual,OverallQual,numeric_median,0.07330226043825623,0.07330226043825623,7.60557368432975
categorical_most_frequent__Exterior1st_BrkFace,Exterior1st_BrkFace,categorical_most_frequent,0.0726465628090964,0.0726465628090964,7.535040091662393
categorical_none__PoolQC_Gd,PoolQC_Gd,categorical_none,-0.07237431977936472,0.07237431977936472,-6.981735512573316
categorical_most_frequent__Neighborhood_NridgHt,Neighborhood_NridgHt,categorical_most_frequent,0.06779041256434526,0.06779041256434526,7.014099686582548
categorical_most_frequent__Functional_Typ,Functional_Typ,categorical_most_frequent,0.06695712629503019,0.06695712629503019,6.9249634498494546
categorical_most_frequent__Neighborhood_MeadowV,Neighborhood_MeadowV,categorical_most_frequent,-0.06471586883724686,0.06471586883724686,-6.266624872609565
categorical_most_frequent__Functional_Maj2,Functional_Maj2,categorical_most_frequent,-0.06341633811815732,0.06341633811815732,-6.144736290402719
categorical_most_frequent__Neighborhood_Edwards,Neighborhood_Edwards,categorical_most_frequent,-0.0615408359501459,0.0615408359501459,-5.968545368253932
numeric_median__GrLivArea,GrLivArea,numeric_median,0.05883731279938584,0.05883731279938584,6.060268022283653
categorical_most_frequent__MSZoning_C (all),MSZoning_C (all),categorical_most_frequent,-0.05762613236841839,0.05762613236841839,-5.599718643380936
categorical_most_frequent__LandContour_Bnk,LandContour_Bnk,categorical_most_frequent,-0.057107869737394505,0.057107869737394505,-5.550781825228948
categorical_most_frequent__SaleCondition_Alloca,SaleCondition_Alloca,categorical_most_frequent,0.04964660298826669,0.04964660298826669,5.089964595064417
categorical_most_frequent__Heating_Grav,Heating_Grav,categorical_most_frequent,-0.049317151730192646,0.049317151730192646,-4.812080831162378
categorical_none__BsmtQual_Ex,BsmtQual_Ex,categorical_none,0.04905787117086865,0.04905787117086865,5.028112998006148
categorical_most_frequent__BldgType_Twnhs,BldgType_Twnhs,categorical_most_frequent,-0.04896702716536279,0.04896702716536279,-4.778747367294585
categorical_most_frequent__BldgType_2fmCon,BldgType_2fmCon,categorical_most_frequent,0.04576522551295388,0.04576522551295388,4.682861345382601
categorical_most_frequent__SaleCondition_Abnorml,SaleCondition_Abnorml,categorical_most_frequent,-0.04498917343525787,0.04498917343525787,-4.399216794224113
categorical_most_frequent__LotShape_IR3,LotShape_IR3,categorical_most_frequent,-0.044814102792364495,0.044814102792364495,-4.38247843849257
categorical_most_frequent__Condition1_Norm,Condition1_Norm,categorical_most_frequent,0.0429439604489597,0.0429439604489597,4.387939467884819
categorical_none__BsmtExposure_Gd,BsmtExposure_Gd,categorical_none,0.04179457710408403,0.04179457710408403,4.268026634962267
numeric_zero__GarageCars,GarageCars,numeric_zero,0.04166168108251202,0.04166168108251202,4.254170749761717
categorical_most_frequent__Neighborhood_NoRidge,Neighborhood_NoRidge,categorical_most_frequent,0.041137288434560396,0.041137288434560396,4.199514960901644
categorical_most_frequent__KitchenQual_Ex,KitchenQual_Ex,categorical_most_frequent,0.040433404551329086,0.040433404551329086,4.126196408580961
numeric_median__OverallCond,OverallCond,numeric_median,0.0391802180418729,0.0391802180418729,3.9957885936847863
numeric_median__YearBuilt,YearBuilt,numeric_median,0.03891313411197615,0.03891313411197615,3.9680166986529963
categorical_none__PoolQC_Ex,PoolQC_Ex,categorical_none,0.03871225375673718,0.03871225375673718,3.9471336640910044
numeric_median__1stFlrSF,1stFlrSF,numeric_median,0.03847196853925578,0.03847196853925578,3.9221597050287125
categorical_most_frequent__Heating_GasW,Heating_GasW,categorical_most_frequent,0.03793223192356144,0.03793223192356144,3.866084244604794
categorical_most_frequent__LotConfig_CulDSac,LotConfig_CulDSac,categorical_most_frequent,0.03776879323822846,0.03776879323822846,3.849109895515606
categorical_most_frequent__SaleType_COD,SaleType_COD,categorical_most_frequent,-0.036272878365249575,0.036272878365249575,-3.5622900071669856
categorical_most_frequent__SaleType_ConLD,SaleType_ConLD,categorical_most_frequent,0.036163807277335494,0.036163807277335494,3.6825672171632773
numeric_median__2ndFlrSF,2ndFlrSF,numeric_median,0.03561254026811504,0.03561254026811504,3.625426189853862
categorical_most_frequent__RoofMatl_WdShngl,RoofMatl_WdShngl,categorical_most_frequent,0.03531108128250213,0.03531108128250213,3.5941920821287185
categorical_most_frequent__Neighborhood_Gilbert,Neighborhood_Gilbert,categorical_most_frequent,-0.035298462886674875,0.035298462886674875,-3.468273811852613
categorical_most_frequent__LandContour_HLS,LandContour_HLS,categorical_most_frequent,0.03431342231188738,0.03431342231188738,3.4908919448168096
categorical_most_frequent__SaleType_WD,SaleType_WD,categorical_most_frequent,-0.03360368536660208,0.03360368536660208,-3.3045353013535146
categorical_most_frequent__Condition2_Norm,Condition2_Norm,categorical_most_frequent,0.03350365030058414,0.03350365030058414,3.407121839016172
categorical_most_frequent__LotShape_IR2,LotShape_IR2,categorical_most_frequent,0.03330625241131001,0.03330625241131001,3.3867115059738446
categorical_most_frequent__RoofMatl_CompShg,RoofMatl_CompShg,categorical_most_frequent,0.03313906641218686,0.03313906641218686,3.369428140123313
categorical_none__GarageQual_Fa,GarageQual_Fa,categorical_none,-0.03305627382726059,0.03305627382726059,-3.2515885976793717
categorical_most_frequent__MSZoning_FV,MSZoning_FV,categorical_most_frequent,0.032705656848645966,0.032705656848645966,3.324636548642839
categorical_most_frequent__Neighborhood_Mitchel,Neighborhood_Mitchel,categorical_most_frequent,-0.032659407076259334,0.032659407076259334,-3.2131847498805093
categorical_most_frequent__Foundation_PConc,Foundation_PConc,categorical_most_frequent,0.03225233573495925,0.03225233573495925,3.277807924335336
categorical_most_frequent__Condition1_RRAe,Condition1_RRAe,categorical_most_frequent,-0.030952008104994277,0.030952008104994277,-3.047789883758379
categorical_most_frequent__HouseStyle_2Story,HouseStyle_2Story,categorical_most_frequent,-0.03007485676528416,0.03007485676528416,-2.962710814612266
categorical_most_frequent__Neighborhood_IDOTRR,Neighborhood_IDOTRR,categorical_most_frequent,-0.029650672009752077,0.029650672009752077,-2.921540344496092
categorical_none__BsmtCond_Fa,BsmtCond_Fa,categorical_none,-0.029628495664002958,0.029628495664002958,-2.9193874751386804
categorical_most_frequent__CentralAir_N,CentralAir_N,categorical_most_frequent,-0.02959823020955354,0.02959823020955354,-2.916449241819129
categorical_most_frequent__CentralAir_Y,CentralAir_Y,categorical_most_frequent,0.02959823020955341,0.02959823020955341,3.0040611607660597
categorical_none__BsmtCond_TA,BsmtCond_TA,categorical_none,0.02902157181884481,0.02902157181884481,2.944680127551691
categorical_most_frequent__Neighborhood_Somerst,Neighborhood_Somerst,categorical_most_frequent,0.028847184963684727,0.028847184963684727,2.9267294937515658
categorical_none__BsmtFinType1_Unf,BsmtFinType1_Unf,categorical_none,-0.028523228904458187,0.028523228904458187,-2.812028181718839
categorical_most_frequent__Neighborhood_NWAmes,Neighborhood_NWAmes,categorical_most_frequent,-0.028333342027316157,0.028333342027316157,-2.7935717089889702
categorical_none__PoolQC_None,PoolQC_None,categorical_none,0.027160574149166675,0.027160574149166675,2.7532784719863526
categorical_most_frequent__RoofStyle_Gable,RoofStyle_Gable,categorical_most_frequent,-0.027069274297447363,0.027069274297447363,-2.670618505634083
categorical_none__GarageQual_Ex,GarageQual_Ex,categorical_none,0.026845320255728913,0.026845320255728913,2.7208902064162177
categorical_none__Fence_GdWo,Fence_GdWo,categorical_none,-0.026741849629019064,0.026741849629019064,-2.638745247409209
categorical_most_frequent__MSZoning_RM,MSZoning_RM,categorical_most_frequent,-0.026531619978523307,0.026531619978523307,-2.6182748731863272
categorical_most_frequent__Exterior2nd_Brk Cmn,Exterior2nd_Brk Cmn,categorical_most_frequent,-0.0265051160548703,0.0265051160548703,-2.6156938411747817
numeric_zero__BsmtFullBath,BsmtFullBath,numeric_zero,0.026486888530042003,0.026486888530042003,2.6840783781331163
categorical_most_frequent__LotConfig_FR2,LotConfig_FR2,categorical_most_frequent,-0.026402104665646645,0.026402104665646645,-2.605661631801739
categorical_most_frequent__Exterior2nd_Wd Sdng,Exterior2nd_Wd Sdng,categorical_most_frequent,0.026159214175873555,0.026159214175873555,2.650436951084628
categorical_most_frequent__Neighborhood_ClearCr,Neighborhood_ClearCr,categorical_most_frequent,0.026083224190636033,0.026083224190636033,2.6426368422649205
categorical_most_frequent__MSZoning_RH,MSZoning_RH,categorical_most_frequent,0.02587273939185523,0.02587273939185523,2.6210344010753452
categorical_none__GarageQual_Gd,GarageQual_Gd,categorical_none,0.025853152741686997,0.025853152741686997,2.619024418459106
categorical_most_frequent__MSZoning_RL,MSZoning_RL,categorical_most_frequent,0.02557935610643647,0.02557935610643647,2.5909315209065498
categorical_none__BsmtFinType1_GLQ,BsmtFinType1_GLQ,categorical_none,0.025207101240689915,0.025207101240689915,2.5527486547861997
categorical_none__BsmtQual_TA,BsmtQual_TA,categorical_none,-0.02463432990598332,0.02463432990598332,-2.433338108989578
categorical_none__BsmtFinType2_BLQ,BsmtFinType2_BLQ,categorical_none,-0.0246099330958381,0.0246099330958381,-2.430957764626633
categorical_most_frequent__RoofStyle_Flat,RoofStyle_Flat,categorical_most_frequent,0.024577439683923678,0.024577439683923678,2.4881954568839166
categorical_most_frequent__Condition2_Feedr,Condition2_Feedr,categorical_most_frequent,0.02424987661611769,0.02424987661611769,2.4546296069326803
categorical_none__GarageType_Attchd,GarageType_Attchd,categorical_none,0.02418294288320666,0.02418294288320666,2.4477721656187037
categorical_most_frequent__Neighborhood_Veenker,Neighborhood_Veenker,categorical_most_frequent,0.023926764505306383,0.023926764505306383,2.421530622927252
categorical_none__BsmtFinType2_Unf,BsmtFinType2_Unf,categorical_none,0.023731120244454996,0.023731120244454996,2.401494398323348
categorical_most_frequent__Exterior2nd_ImStucc,Exterior2nd_ImStucc,categorical_most_frequent,0.02353732911971988,0.02353732911971988,2.381651820269199
categorical_none__FireplaceQu_Ex,FireplaceQu_Ex,categorical_none,0.023489280376380338,0.023489280376380338,2.3767326287396404
categorical_most_frequent__Exterior1st_WdShing,Exterior1st_WdShing,categorical_most_frequent,-0.02326780235016083,0.02326780235016083,-2.2999194376025813
categorical_most_frequent__Exterior1st_Wd Sdng,Exterior1st_Wd Sdng,categorical_most_frequent,-0.022920773990135906,0.022920773990135906,-2.2660088552441353
categorical_most_frequent__SaleType_Oth,SaleType_Oth,categorical_most_frequent,0.02287866780935716,0.02287866780935716,2.314239190806751
categorical_most_frequent__Neighborhood_OldTown,Neighborhood_OldTown,categorical_most_frequent,-0.022517292146865795,0.022517292146865795,-2.226567007847346
categorical_most_frequent__KitchenQual_TA,KitchenQual_TA,categorical_most_frequent,-0.02246978382611646,0.02246978382611646,-2.221921845890943
categorical_most_frequent__Exterior1st_BrkComm,Exterior1st_BrkComm,categorical_most_frequent,-0.02209291841848738,0.02209291841848738,-2.1850657261481268
categorical_most_frequent__Condition2_PosA,Condition2_PosA,categorical_most_frequent,0.021983160733454556,0.021983160733454556,2.2226570779810486
categorical_most_frequent__Condition1_Artery,Condition1_Artery,categorical_most_frequent,-0.0216706904523,0.0216706904523,-2.1437568051097684
categorical_most_frequent__ExterCond_Ex,ExterCond_Ex,categorical_most_frequent,0.021661533658847203,0.021661533658847203,2.1897847904186785
categorical_most_frequent__RoofStyle_Hip,RoofStyle_Hip,categorical_most_frequent,-0.021443701809375628,0.021443701809375628,-2.121542028109624
categorical_none__GarageCond_Fa,GarageCond_Fa,categorical_none,-0.021129456675407537,0.021129456675407537,-2.0907793657163256
numeric_median__YearRemodAdd,YearRemodAdd,numeric_median,0.021119020127271175,0.021119020127271175,2.1343604849582576
categorical_none__GarageType_2Types,GarageType_2Types,categorical_none,-0.020742397282418248,0.020742397282418248,-2.052875347129568
numeric_median__MSSubClass,MSSubClass,numeric_median,-0.02039795821884928,0.02039795821884928,-2.019132720429086
categorical_most_frequent__Neighborhood_BrDale,Neighborhood_BrDale,categorical_most_frequent,-0.02013205389926456,0.02013205389926456,-1.9930757204018898
categorical_most_frequent__Functional_Sev,Functional_Sev,categorical_most_frequent,-0.01999656870239604,0.01999656870239604,-1.9797963334115234
categorical_most_frequent__Neighborhood_Blmngtn,Neighborhood_Blmngtn,categorical_most_frequent,-0.019317842601840406,0.019317842601840406,-1.913244880251936
categorical_most_frequent__BldgType_1Fam,BldgType_1Fam,categorical_most_frequent,0.01917454383934049,0.01917454383934049,1.935955602121205
categorical_most_frequent__Condition1_PosN,Condition1_PosN,categorical_most_frequent,-0.019004873949897246,0.019004873949897246,-1.8825419964591645
categorical_most_frequent__HeatingQC_Ex,HeatingQC_Ex,categorical_most_frequent,0.018776079830366024,0.018776079830366024,1.8953458838862185
categorical_most_frequent__HouseStyle_2.5Unf,HouseStyle_2.5Unf,categorical_most_frequent,0.018721588334455468,0.018721588334455468,1.8897936053400375
categorical_most_frequent__Condition1_RRAn,Condition1_RRAn,categorical_most_frequent,0.018714597014130915,0.018714597014130915,1.8890812636452476
categorical_most_frequent__RoofStyle_Mansard,RoofStyle_Mansard,categorical_most_frequent,0.018628547597337824,0.018628547597337824,1.880314144833067
numeric_median__FullBath,FullBath,numeric_median,0.018382883445857784,0.018382883445857784,1.8552888779374936
categorical_none__BsmtExposure_No,BsmtExposure_No,categorical_none,-0.018348408964720963,0.018348408964720963,-1.8181101745417136
numeric_median__TotRmsAbvGrd,TotRmsAbvGrd,numeric_median,0.018265325310168657,0.018265325310168657,1.8433156638550778
categorical_most_frequent__SaleCondition_Family,SaleCondition_Family,categorical_most_frequent,-0.018122777004327753,0.018122777004327753,-1.7959547028680258
categorical_none__FireplaceQu_Po,FireplaceQu_Po,categorical_none,-0.01783899933034542,0.01783899933034542,-1.7680826327693835
categorical_none__FireplaceQu_None,FireplaceQu_None,categorical_none,-0.017812133943452324,0.017812133943452324,-1.7654435588543502
categorical_most_frequent__Neighborhood_BrkSide,Neighborhood_BrkSide,categorical_most_frequent,0.017811947132040384,0.017811947132040384,1.7971525924002145
categorical_most_frequent__Functional_Min1,Functional_Min1,categorical_most_frequent,0.01757015532472823,0.01757015532472823,1.7725418503534687
categorical_most_frequent__Heating_Wall,Heating_Wall,categorical_most_frequent,0.017337290129960995,0.017337290129960995,1.748845326728405
categorical_most_frequent__Foundation_BrkTil,Foundation_BrkTil,categorical_most_frequent,-0.017295745710292416,0.017295745710292416,-1.7147032901071155
categorical_none__MasVnrType_BrkCmn,MasVnrType_BrkCmn,categorical_none,-0.01723813758920922,0.01723813758920922,-1.7090410957409305
categorical_most_frequent__Neighborhood_SawyerW,Neighborhood_SawyerW,categorical_most_frequent,-0.017222605918810214,0.017222605918810214,-1.707514461108465
categorical_none__BsmtCond_None,BsmtCond_None,categorical_none,-0.01718977090401529,0.01718977090401529,-1.7042869729045445
categorical_none__BsmtQual_None,BsmtQual_None,categorical_none,-0.017189770904015286,0.017189770904015286,-1.704286972904544
categorical_none__BsmtFinType1_None,BsmtFinType1_None,categorical_none,-0.017189770904015012,0.017189770904015012,-1.704286972904517
categorical_none__BsmtExposure_None,BsmtExposure_None,categorical_none,-0.017189770904015012,0.017189770904015012,-1.704286972904517
categorical_none__BsmtFinType2_None,BsmtFinType2_None,categorical_none,-0.017189770904015002,0.017189770904015002,-1.704286972904516
categorical_most_frequent__KitchenQual_Gd,KitchenQual_Gd,categorical_most_frequent,-0.017095725364041726,0.017095725364041726,-1.695042264790855
numeric_median__HalfBath,HalfBath,numeric_median,0.016857156496529156,0.016857156496529156,1.7000040100418854
categorical_most_frequent__Neighborhood_CollgCr,Neighborhood_CollgCr,categorical_most_frequent,-0.016601449770666594,0.016601449770666594,-1.6464405131342323
categorical_most_frequent__Exterior2nd_Wd Shng,Exterior2nd_Wd Shng,categorical_most_frequent,-0.016463026148238403,0.016463026148238403,-1.6328251148267172
categorical_most_frequent__Exterior1st_HdBoard,Exterior1st_HdBoard,categorical_most_frequent,-0.01639376727697231,0.01639376727697231,-1.626012079395687
categorical_most_frequent__HouseStyle_2.5Fin,HouseStyle_2.5Fin,categorical_most_frequent,-0.016275947570605003,0.016275947570605003,-1.6144210022094534
categorical_most_frequent__Exterior1st_Stucco,Exterior1st_Stucco,categorical_most_frequent,-0.016215063056603134,0.016215063056603134,-1.6084306616897452
categorical_none__MiscFeature_None,MiscFeature_None,categorical_none,0.01600845283965896,0.01600845283965896,1.6137274615246981
categorical_most_frequent__Neighborhood_NAmes,Neighborhood_NAmes,categorical_most_frequent,-0.01597523337413312,0.01597523337413312,-1.5848306129746366
categorical_none__BsmtFinType1_ALQ,BsmtFinType1_ALQ,categorical_none,0.015828490600022595,0.015828490600022595,1.5954424729060237
categorical_most_frequent__Exterior2nd_Stucco,Exterior2nd_Stucco,categorical_most_frequent,-0.015820225154401377,0.015820225154401377,-1.5695742703746507
categorical_most_frequent__Utilities_NoSeWa,Utilities_NoSeWa,categorical_most_frequent,-0.015446208006534698,0.015446208006534698,-1.532752717763153
categorical_most_frequent__Utilities_AllPub,Utilities_AllPub,categorical_most_frequent,0.015446208006534646,0.015446208006534646,1.5566117263030783
categorical_none__BsmtCond_Gd,BsmtCond_Gd,categorical_none,0.015414906555328806,0.015414906555328806,1.5534329067275894
categorical_most_frequent__Neighborhood_Sawyer,Neighborhood_Sawyer,categorical_most_frequent,-0.015251658769007949,0.015251658769007949,-1.5135941262987838
numeric_median__WoodDeckSF,WoodDeckSF,numeric_median,0.01518161427242041,0.01518161427242041,1.5297440378501834
categorical_most_frequent__Foundation_Wood,Foundation_Wood,categorical_most_frequent,-0.015169508215430779,0.015169508215430779,-1.5055030811990666
categorical_most_frequent__BldgType_TwnhsE,BldgType_TwnhsE,categorical_most_frequent,-0.014977156436801696,0.014977156436801696,-1.486555667305597
categorical_most_frequent__RoofMatl_Tar&Grv,RoofMatl_Tar&Grv,categorical_most_frequent,0.014754432019904477,0.014754432019904477,1.4863815955870239
categorical_most_frequent__SaleType_CWD,SaleType_CWD,categorical_most_frequent,0.014420009156118819,0.014420009156118819,1.4524479036360627
numeric_median__ScreenPorch,ScreenPorch,numeric_median,0.014291003546256962,0.014291003546256962,1.439360812894487
numeric_median__LotArea,LotArea,numeric_median,0.014189491053039033,0.014189491053039033,1.4290639731057189
categorical_none__Alley_None,Alley_None,categorical_none,-0.014181569741993751,0.014181569741993751,-1.4081484960193809
categorical_most_frequent__Exterior1st_MetalSd,Exterior1st_MetalSd,categorical_most_frequent,0.013990605526042234,0.013990605526042234,1.4088932061679307
categorical_none__Fence_None,Fence_None,categorical_none,0.01380950852423216,0.01380950852423216,1.390530022460359
categorical_none__Alley_Pave,Alley_Pave,categorical_none,0.013744287786794776,0.013744287786794776,1.383917472963148
numeric_median__BedroomAbvGr,BedroomAbvGr,numeric_median,0.013509607273670898,0.013509607273670898,1.360127434826449
categorical_most_frequent__HouseStyle_1Story,HouseStyle_1Story,categorical_most_frequent,0.013125780667034117,0.013125780667034117,1.3212301864418332
categorical_most_frequent__ExterCond_Gd,ExterCond_Gd,categorical_most_frequent,-0.01296143818245258,0.01296143818245258,-1.2877800487480526
categorical_most_frequent__Foundation_Slab,Foundation_Slab,categorical_most_frequent,-0.012918534034436997,0.012918534034436997,-1.2835447941979727
categorical_none__GarageCond_Ex,GarageCond_Ex,categorical_none,0.01269486878755828,0.01269486878755828,1.2775790702790897
numeric_median__Fireplaces,Fireplaces,numeric_median,0.01262301061494024,0.01262301061494024,1.2703017099919576
categorical_most_frequent__Functional_Mod,Functional_Mod,categorical_most_frequent,-0.012336609698265315,0.012336609698265315,-1.226082568821001
categorical_none__FireplaceQu_TA,FireplaceQu_TA,categorical_none,0.012238377855895802,0.012238377855895802,1.231357324559317
numeric_median__LotFrontage,LotFrontage,numeric_median,-0.012155874503616874,0.012155874503616874,-1.208229032295287
categorical_most_frequent__LandContour_Lvl,LandContour_Lvl,categorical_most_frequent,0.012137515806299426,0.012137515806299426,1.221147437279873
categorical_none__MasVnrType_Stone,MasVnrType_Stone,categorical_none,0.012130352739502612,0.012130352739502612,1.2204223860363281
categorical_most_frequent__RoofMatl_WdShake,RoofMatl_WdShake,categorical_most_frequent,0.012030544599777097,0.012030544599777097,1.210320268120931
categorical_most_frequent__ExterCond_Fa,ExterCond_Fa,categorical_most_frequent,-0.011929383829429038,0.011929383829429038,-1.1858510833818952
categorical_most_frequent__HeatingQC_Po,HeatingQC_Po,categorical_most_frequent,-0.01189711775639078,0.01189711775639078,-1.1826626873975064
categorical_most_frequent__SaleType_Con,SaleType_Con,categorical_most_frequent,0.011798289735858654,0.011798289735858654,1.186816408508429
categorical_none__Fence_MnPrv,Fence_MnPrv,categorical_none,0.011700459804721498,0.011700459804721498,1.176917793425507
categorical_most_frequent__LotConfig_FR3,LotConfig_FR3,categorical_most_frequent,-0.011614548093758963,0.011614548093758963,-1.1547359602938005
categorical_none__BsmtFinType2_ALQ,BsmtFinType2_ALQ,categorical_none,0.011502331347231776,0.011502331347231776,1.1568737524825572
categorical_most_frequent__Condition1_RRNn,Condition1_RRNn,categorical_most_frequent,0.011407504723678732,0.011407504723678732,1.1472818424868347
categorical_most_frequent__SaleType_ConLI,SaleType_ConLI,categorical_most_frequent,-0.011252782199992378,0.011252782199992378,-1.1189706460585112
categorical_none__GarageCond_Po,GarageCond_Po,categorical_none,0.011004448146488476,0.011004448146488476,1.1065219800924178
categorical_none__GarageQual_TA,GarageQual_TA,categorical_none,-0.010985784896581427,0.010985784896581427,-1.0925661530551543
categorical_most_frequent__LandContour_Low,LandContour_Low,categorical_most_frequent,0.01065693161920482,0.01065693161920482,1.0713918971839238
categorical_most_frequent__Foundation_Stone,Foundation_Stone,categorical_most_frequent,0.010493781312872336,0.010493781312872336,1.0549034137215858
categorical_most_frequent__Neighborhood_Blueste,Neighborhood_Blueste,categorical_most_frequent,-0.010262766858286646,0.010262766858286646,-1.0210284358487782
categorical_most_frequent__Exterior2nd_HdBoard,Exterior2nd_HdBoard,categorical_most_frequent,0.009993807480599588,0.009993807480599588,1.0043912348279307
numeric_median__GarageYrBlt,GarageYrBlt,numeric_median,-0.009463276069565924,0.009463276069565924,-0.94186401841165
categorical_none__BsmtFinType1_LwQ,BsmtFinType1_LwQ,categorical_none,-0.009326838037910613,0.009326838037910613,-0.9283477992766785
categorical_most_frequent__Heating_GasA,Heating_GasA,categorical_most_frequent,0.009246845509574319,0.009246845509574319,0.9289729664647988
categorical_none__BsmtFinType1_BLQ,BsmtFinType1_BLQ,categorical_none,0.00884273567181924,0.00884273567181924,0.8881948155554469
categorical_most_frequent__Functional_Min2,Functional_Min2,categorical_most_frequent,0.008782164272672989,0.008782164272672989,0.8820840615084587
categorical_most_frequent__PavedDrive_N,PavedDrive_N,categorical_most_frequent,-0.008710222693762513,0.008710222693762513,-0.8672398602493587
categorical_most_frequent__Condition1_Feedr,Condition1_Feedr,categorical_most_frequent,-0.00868746494234408,0.00868746494234408,-0.8649837958652963
numeric_median__3SsnPorch,3SsnPorch,numeric_median,0.00867145706401479,0.00867145706401479,0.8709163057653261
categorical_none__GarageFinish_RFn,GarageFinish_RFn,categorical_none,0.008502674113440903,0.008502674113440903,0.8538924515927302
categorical_none__MiscFeature_Othr,MiscFeature_Othr,categorical_none,-0.008438437556967656,0.008438437556967656,-0.8402933878144481
categorical_none__GarageType_CarPort,GarageType_CarPort,categorical_none,-0.008256030460701199,0.008256030460701199,-0.822204303926208
categorical_most_frequent__Heating_OthW,Heating_OthW,categorical_most_frequent,-0.008220520682558116,0.008220520682558116,-0.8186824598747401
categorical_most_frequent__Electrical_FuseA,Electrical_FuseA,categorical_most_frequent,0.008010559015851902,0.008010559015851902,0.8042729387237861
categorical_none__GarageCond_None,GarageCond_None,categorical_none,-0.007731247737309846,0.007731247737309846,-0.7701438511825592
categorical_none__GarageQual_None,GarageQual_None,categorical_none,-0.0077312477373098435,0.0077312477373098435,-0.7701438511825589
categorical_none__GarageFinish_None,GarageFinish_None,categorical_none,-0.007731247737309828,0.007731247737309828,-0.7701438511825575
categorical_none__GarageType_None,GarageType_None,categorical_none,-0.007731247737309827,0.007731247737309827,-0.7701438511825573
categorical_most_frequent__RoofMatl_Roll,RoofMatl_Roll,categorical_most_frequent,0.0076711680804453525,0.0076711680804453525,0.7700666872123251
numeric_median__EnclosedPorch,EnclosedPorch,numeric_median,0.007567912311824278,0.007567912311824278,0.7596621336968693
categorical_most_frequent__ExterQual_Gd,ExterQual_Gd,categorical_most_frequent,0.007502618748459617,0.007502618748459617,0.7530833910898517
categorical_none__BsmtExposure_Mn,BsmtExposure_Mn,categorical_none,-0.00744777722347762,0.00744777722347762,-0.7420111256618617
categorical_most_frequent__HeatingQC_Gd,HeatingQC_Gd,categorical_most_frequent,-0.007443187300764949,0.007443187300764949,-0.7415555381187582
categorical_most_frequent__RoofStyle_Shed,RoofStyle_Shed,categorical_most_frequent,0.007382855100412334,0.007382855100412334,0.7410175568095099
categorical_most_frequent__Exterior2nd_AsphShn,Exterior2nd_AsphShn,categorical_most_frequent,0.007255544921264302,0.007255544921264302,0.7281930161814013
categorical_most_frequent__LandSlope_Gtl,LandSlope_Gtl,categorical_most_frequent,-0.007241858823425971,0.007241858823425971,-0.7215699748682096
numeric_median__KitchenAbvGr,KitchenAbvGr,numeric_median,-0.007133608702425986,0.007133608702425986,-0.7108224911075869
categorical_most_frequent__LotConfig_Corner,LotConfig_Corner,categorical_most_frequent,0.007127297188131129,0.007127297188131129,0.7152756820915878
categorical_most_frequent__Heating_Floor,Heating_Floor,categorical_most_frequent,-0.006978695150348697,0.006978695150348697,-0.6954400604941314
categorical_most_frequent__LotConfig_Inside,LotConfig_Inside,categorical_most_frequent,-0.006879437666956504,0.006879437666956504,-0.6855828505923357
numeric_median__LowQualFinSF,LowQualFinSF,numeric_median,0.006803832835508806,0.006803832835508806,0.6827031489545766
categorical_none__Fence_GdPrv,Fence_GdPrv,categorical_none,0.0067605846615619155,0.0067605846615619155,0.6783489000526832
categorical_none__MiscFeature_TenC,MiscFeature_TenC,categorical_none,-0.006669251542115945,0.006669251542115945,-0.6647061441907519
numeric_zero__GarageArea,GarageArea,numeric_zero,0.006568143402637901,0.006568143402637901,0.6589760959671564
categorical_none__PoolQC_Fa,PoolQC_Fa,categorical_none,0.006501491873460384,0.006501491873460384,0.6522672448649932
categorical_most_frequent__ExterCond_TA,ExterCond_TA,categorical_most_frequent,0.006446264312379284,0.006446264312379284,0.6467086191238605
numeric_zero__BsmtFinSF2,BsmtFinSF2,numeric_zero,0.006174402466589305,0.006174402466589305,0.6193503381508625
categorical_none__BsmtQual_Gd,BsmtQual_Gd,categorical_none,-0.006068877843554526,0.006068877843554526,-0.6050499402048559
categorical_most_frequent__LotShape_Reg,LotShape_Reg,categorical_most_frequent,0.006019232593736377,0.006019232593736377,0.6037384576304298
categorical_most_frequent__Electrical_FuseP,Electrical_FuseP,categorical_most_frequent,-0.005987639263780969,0.005987639263780969,-0.5969749076276865
categorical_most_frequent__Condition2_RRAe,Condition2_RRAe,categorical_most_frequent,-0.0058805677485510586,0.0058805677485510586,-0.5863311052987564
categorical_none__Fence_MnWw,Fence_MnWw,categorical_none,-0.00552870336149683,0.00552870336149683,-0.5513448207754975
categorical_most_frequent__LotShape_IR1,LotShape_IR1,categorical_most_frequent,0.005488617787316408,0.005488617787316408,0.5503707845145269
categorical_most_frequent__Exterior2nd_Plywood,Exterior2nd_Plywood,categorical_most_frequent,-0.005361719799723806,0.005361719799723806,-0.5347371435541758
categorical_most_frequent__Exterior1st_VinylSd,Exterior1st_VinylSd,categorical_most_frequent,0.005333286762553849,0.005333286762553849,0.5347534053434694
categorical_none__GarageType_Detchd,GarageType_Detchd,categorical_none,0.005299409123094422,0.005299409123094422,0.5313475829053989
categorical_none__GarageType_Basment,GarageType_Basment,categorical_none,0.0052425075239004755,0.0052425075239004755,0.5256273512055182
categorical_most_frequent__HouseStyle_1.5Unf,HouseStyle_1.5Unf,categorical_most_frequent,0.005220315263131029,0.005220315263131029,0.5233964850234016
categorical_none__BsmtFinType1_Rec,BsmtFinType1_Rec,categorical_none,0.005161510333846924,0.005161510333846924,0.5174853876042381
categorical_most_frequent__Exterior2nd_Other,Exterior2nd_Other,categorical_most_frequent,-0.0051522890954886534,0.0051522890954886534,-0.5139038820210462
categorical_most_frequent__SaleType_ConLw,SaleType_ConLw,categorical_most_frequent,-0.004957348052991486,0.004957348052991486,-0.49450806827118116
categorical_none__BsmtFinType2_GLQ,BsmtFinType2_GLQ,categorical_none,0.004933299184656093,0.004933299184656093,0.49454879404289337
categorical_most_frequent__LandSlope_Sev,LandSlope_Sev,categorical_most_frequent,0.004896437217174222,0.004896437217174222,0.4908444355285332
categorical_most_frequent__SaleCondition_Partial,SaleCondition_Partial,categorical_most_frequent,0.004880770734822897,0.004880770734822897,0.4892701098198193
numeric_median__YrSold,YrSold,numeric_median,-0.004844901238895211,0.004844901238895211,-0.483318363606846
numeric_median__PoolArea,PoolArea,numeric_median,-0.0048318788662085515,0.0048318788662085515,-0.4820224118518722
categorical_most_frequent__PavedDrive_P,PavedDrive_P,categorical_most_frequent,0.0047867815391829695,0.0047867815391829695,0.4798256479973916
categorical_most_frequent__SaleCondition_AdjLand,SaleCondition_AdjLand,categorical_most_frequent,0.004773783705482192,0.004773783705482192,0.47851963642101475
categorical_none__FireplaceQu_Fa,FireplaceQu_Fa,categorical_none,-0.004756772566087872,0.004756772566087872,-0.4745477040644242
categorical_most_frequent__HouseStyle_SLvl,HouseStyle_SLvl,categorical_most_frequent,0.00475194025983471,0.00475194025983471,0.47632486330938795
categorical_most_frequent__Condition1_RRNe,Condition1_RRNe,categorical_most_frequent,0.0046931698319812275,0.0046931698319812275,0.4704200002253903
categorical_none__FireplaceQu_Gd,FireplaceQu_Gd,categorical_none,0.004680247607598229,0.004680247607598229,0.46912170730272773
categorical_most_frequent__Exterior2nd_CmentBd,Exterior2nd_CmentBd,categorical_most_frequent,0.004427124918326357,0.004427124918326357,0.4436939113392059
numeric_zero__BsmtFinSF1,BsmtFinSF1,numeric_zero,-0.00442373657763094,0.00442373657763094,-0.4413966267379281
categorical_most_frequent__Condition2_RRNn,Condition2_RRNn,categorical_most_frequent,0.004346800905395112,0.004346800905395112,0.4356261947906314
categorical_most_frequent__Exterior2nd_VinylSd,Exterior2nd_VinylSd,categorical_most_frequent,-0.004055635703613476,0.004055635703613476,-0.40474227198414514
categorical_none__GarageFinish_Unf,GarageFinish_Unf,categorical_none,-0.00393256450287257,0.00393256450287257,-0.39248420973571063
categorical_most_frequent__PavedDrive_Y,PavedDrive_Y,categorical_most_frequent,0.003923441154580424,0.003923441154580424,0.3931147925551718
categorical_most_frequent__HouseStyle_SFoyer,HouseStyle_SFoyer,categorical_most_frequent,0.0038853018555368227,0.0038853018555368227,0.389285942543472
categorical_most_frequent__ExterQual_TA,ExterQual_TA,categorical_most_frequent,-0.0038375350612427027,0.0038375350612427027,-0.3830181133562206
categorical_most_frequent__SaleCondition_Normal,SaleCondition_Normal,categorical_most_frequent,0.0038107930110135723,0.0038107930110135723,0.38180633149742743
categorical_none__BsmtFinType2_LwQ,BsmtFinType2_LwQ,categorical_none,0.0032181609359239367,0.0032181609359239367,0.32233447751467004
categorical_most_frequent__ExterCond_Po,ExterCond_Po,categorical_most_frequent,-0.003216975959337971,0.003216975959337971,-0.32118070364289963
categorical_most_frequent__Exterior1st_AsbShng,Exterior1st_AsbShng,categorical_most_frequent,0.003174908801947431,0.003174908801947431,0.31799541630051764
categorical_none__GarageFinish_Fin,GarageFinish_Fin,categorical_none,0.003161138126731696,0.003161138126731696,0.31661397927902835
categorical_none__GarageCond_TA,GarageCond_TA,categorical_none,0.003134239190155121,0.003134239190155121,0.3139156053338804
categorical_most_frequent__HeatingQC_TA,HeatingQC_TA,categorical_most_frequent,0.003033371207880295,0.003033371207880295,0.3037976533699615
categorical_most_frequent__Exterior1st_Stone,Exterior1st_Stone,categorical_most_frequent,0.0030047226930940553,0.0030047226930940553,0.3009241397009189
categorical_none__MasVnrType_None,MasVnrType_None,categorical_none,0.0028871677001216897,0.0028871677001216897,0.2891339582794792
categorical_most_frequent__Foundation_CBlock,Foundation_CBlock,categorical_most_frequent,0.0026376709123297104,0.0026376709123297104,0.26411526267832425
categorical_most_frequent__Neighborhood_Timber,Neighborhood_Timber,categorical_most_frequent,0.002591002459578579,0.002591002459578579,0.25943620073569373
categorical_most_frequent__Neighborhood_SWISU,Neighborhood_SWISU,categorical_most_frequent,0.002584734076171827,0.002584734076171827,0.2588077381191672
categorical_most_frequent__Condition1_PosA,Condition1_PosA,categorical_most_frequent,0.0025558054307806195,0.0025558054307806195,0.25590742857398124
categorical_none__MiscFeature_Gar2,MiscFeature_Gar2,categorical_none,-0.0025291510034911313,0.0025291510034911313,-0.25259553957178144
categorical_most_frequent__Condition2_RRAn,Condition2_RRAn,categorical_most_frequent,0.0024982353562974157,0.0024982353562974157,0.2501358546525015
categorical_most_frequent__HeatingQC_Fa,HeatingQC_Fa,categorical_most_frequent,-0.002469145981095462,0.002469145981095462,-0.24661001475424418
categorical_most_frequent__Functional_Maj1,Functional_Maj1,categorical_most_frequent,0.0024400706263814137,0.0024400706263814137,0.2443050021530973
categorical_none__BsmtCond_Po,BsmtCond_Po,categorical_none,0.0023817881938451167,0.0023817881938451167,0.23846269046338361
categorical_most_frequent__LandSlope_Mod,LandSlope_Mod,categorical_most_frequent,0.002345421606253007,0.002345421606253007,0.2348174259131705
categorical_most_frequent__ExterQual_Fa,ExterQual_Fa,categorical_most_frequent,-0.0022334889752120995,0.0022334889752120995,-0.2230996594624405
categorical_none__MasVnrType_BrkFace,MasVnrType_BrkFace,categorical_none,0.002220617149589373,0.002220617149589373,0.2223084545894724
categorical_most_frequent__Exterior1st_CBlock,Exterior1st_CBlock,categorical_most_frequent,-0.002162586656810535,0.002162586656810535,-0.21602499510328582
categorical_most_frequent__Exterior2nd_CBlock,Exterior2nd_CBlock,categorical_most_frequent,-0.0021625866568105293,0.0021625866568105293,-0.21602499510328527
categorical_most_frequent__RoofStyle_Gambrel,RoofStyle_Gambrel,categorical_most_frequent,-0.0020758662748515014,0.0020758662748515014,-0.20737131545769172
categorical_none__GarageCond_Gd,GarageCond_Gd,categorical_none,0.002027148288503747,0.002027148288503747,0.20292043426697065
categorical_none__GarageType_BuiltIn,GarageType_BuiltIn,categorical_none,0.0020048159502284364,0.0020048159502284364,0.20068269373874084
numeric_zero__BsmtHalfBath,BsmtHalfBath,numeric_zero,0.0019913068045045736,0.0019913068045045736,0.1993290772577223
categorical_most_frequent__RoofMatl_Metal,RoofMatl_Metal,categorical_most_frequent,0.0019789887211798616,0.0019789887211798616,0.19809482117491864
categorical_most_frequent__Exterior1st_ImStucc,Exterior1st_ImStucc,categorical_most_frequent,0.0017626530200802702,0.0017626530200802702,0.17642074060617519
categorical_most_frequent__Exterior2nd_AsbShng,Exterior2nd_AsbShng,categorical_most_frequent,0.0017206670429630918,0.0017206670429630918,0.17221482399265647
categorical_most_frequent__Exterior2nd_BrkFace,Exterior2nd_BrkFace,categorical_most_frequent,0.0017045594005481194,0.0017045594005481194,0.17060129877143432
categorical_none__MiscFeature_Shed,MiscFeature_Shed,categorical_none,0.0016283872629154468,0.0016283872629154468,0.16297138053983676
categorical_most_frequent__Exterior1st_AsphShn,Exterior1st_AsphShn,categorical_most_frequent,0.0015935069332867844,0.0015935069332867844,0.15947772401179713
categorical_none__BsmtFinType2_Rec,BsmtFinType2_Rec,categorical_none,-0.0015852077124123506,0.0015852077124123506,-0.15839519343106293
categorical_most_frequent__Condition2_Artery,Condition2_Artery,categorical_most_frequent,0.0014503077614335103,0.0014503077614335103,0.1451359966347115
categorical_most_frequent__ExterQual_Ex,ExterQual_Ex,categorical_most_frequent,-0.0014315947119736393,0.0014315947119736393,-0.14305704690891669
categorical_most_frequent__Electrical_FuseF,Electrical_FuseF,categorical_most_frequent,-0.0013678306101415556,0.0013678306101415556,-0.1366895556232913
categorical_most_frequent__Exterior2nd_Stone,Exterior2nd_Stone,categorical_most_frequent,0.0012440328017698263,0.0012440328017698263,0.12448069315567664
numeric_zero__TotalBsmtSF,TotalBsmtSF,numeric_zero,-0.0011984821706790562,0.0011984821706790562,-0.11977642777449402
categorical_none__BsmtExposure_Av,BsmtExposure_Av,categorical_none,0.001191379988131898,0.001191379988131898,0.11920899631919898
numeric_zero__BsmtUnfSF,BsmtUnfSF,numeric_zero,0.0011778888579984518,0.0011778888579984518,0.11785828415310927
categorical_none__BsmtQual_Fa,BsmtQual_Fa,categorical_none,-0.001164892517292446,0.001164892517292446,-0.11642142933822396
categorical_most_frequent__BldgType_Duplex,BldgType_Duplex,categorical_most_frequent,-0.0009955857501310692,0.0009955857501310692,-0.09950903190664798
categorical_none__GarageQual_Po,GarageQual_Po,categorical_none,-0.0009251665362643164,0.0009251665362643164,-0.09247387016539979
categorical_most_frequent__KitchenQual_Fa,KitchenQual_Fa,categorical_most_frequent,-0.0008678953611482394,0.0008678953611482394,-0.08675188489015764
categorical_most_frequent__Exterior1st_Plywood,Exterior1st_Plywood,categorical_most_frequent,0.0008409952994515127,0.0008409952994515127,0.0841349035154767
categorical_most_frequent__SaleType_New,SaleType_New,categorical_most_frequent,0.0008259200061750852,0.0008259200061750852,0.08262611720221533
categorical_most_frequent__Exterior1st_CemntBd,Exterior1st_CemntBd,categorical_most_frequent,0.0007056699036161402,0.0007056699036161402,0.07059189471999838
numeric_zero__MasVnrArea,MasVnrArea,numeric_zero,-0.000674459706797994,0.000674459706797994,-0.06742323099761514
categorical_most_frequent__Electrical_SBrkr,Electrical_SBrkr,categorical_most_frequent,-0.0006550891419258156,0.0006550891419258156,-0.06548746178805624
categorical_most_frequent__HouseStyle_1.5Fin,HouseStyle_1.5Fin,categorical_most_frequent,0.0006458779559059255,0.0006458779559059255,0.0646086579985702
categorical_most_frequent__Street_Grvl,Street_Grvl,categorical_most_frequent,-0.0005566780031731729,0.0005566780031731729,-0.05565230867210917
categorical_most_frequent__Street_Pave,Street_Pave,categorical_most_frequent,0.0005566780031730083,0.0005566780031730083,0.055683297712814654
categorical_most_frequent__Exterior2nd_MetalSd,Exterior2nd_MetalSd,categorical_most_frequent,-0.0005216812479124138,0.0005216812479124138,-0.05215451959098234
categorical_none__Alley_Grvl,Alley_Grvl,categorical_none,0.0004372819551994542,0.0004372819551994542,0.04373775768909979
numeric_median__MoSold,MoSold,numeric_median,0.00028856249482962673,0.00028856249482962673,0.028860413299131218
numeric_median__MiscVal,MiscVal,numeric_median,0.00018216580173297024,0.00018216580173297024,0.01821823949301865
categorical_most_frequent__Neighborhood_NPkVill,Neighborhood_NPkVill,categorical_most_frequent,0.00013731197147869264,0.00013731197147869264,0.013732139919895634
numeric_median__OpenPorchSF,OpenPorchSF,numeric_median,-2.9517611378116005e-06,2.9517611378116005e-06,-0.00029517567813689793
